{
	"general": {
		"animationSpeed": 2.0,
		"disable_mod": false,
		"background_color": 1867863381,
		"space_modules": false,
		"shadow_text": true,
		"animations": true
	},
	"modules_right": [
		{
			"name": "empty",
			"lines": {
				"": true
			},
			"enabled": true
		}, 
		{
			"color_high": 5635925,
			"color_med": 16777045,
			"name": "fps",
			"lines": {
				"fps": true
			},
			"enabled": true,
			"color_low": 16733525
		}
	],
	"modules_left": [
		{
			"name": "empty",
			"lines": {
				"": true
			},
			"enabled": true
		}, 
		{
			"color_x": 16777215,
			"color_y": 16777215,
			"color_z": 16777215,
			"name": "coords",
			"name_color": 16777215,
			"lines": {
				"chunk_coords": false,
				"player_coords": true,
				"block_coords": false,
				"chunk_relative_coords": false
			},
			"enabled": true
		}
	]
}