{"components":[{"cachedName":"LWJGL 3","cachedVersion":"3.2.2","cachedVolatile":true,"dependencyOnly":true,"uid":"org.lwjgl3","version":"3.2.2"},{"cachedName":"Minecraft","cachedRequires":[{"equals":"3.2.2","suggests":"3.2.2","uid":"org.lwjgl3"}],"cachedVersion":"1.16.3","important":true,"uid":"net.minecraft","version":"1.16.3"},{"cachedName":"Intermediary Mappings","cachedRequires":[{"equals":"1.16.3","uid":"net.minecraft"}],"cachedVersion":"1.16.3","cachedVolatile":true,"dependencyOnly":true,"uid":"net.fabricmc.intermediary","version":"1.16.3"},{"cachedName":"Fabric Loader","cachedRequires":[{"uid":"net.fabricmc.intermediary"}],"cachedVersion":"0.10.6+build.214","uid":"net.fabricmc.fabric-loader","version":"0.10.6+build.214"}],"formatVersion":1}
